Name,Directed,Split,Assortativity_year,Execution time
ogbn-arxiv,True,all,0.01984794117659872,1.0632565021514893
ogbn-arxiv,True,all,0.01984794117659872,1.0318925380706787
ogbn-arxiv,True,all,0.01984794117659872,1.0924959182739258
ogbn-arxiv,True,all,0.01984794117659872,1.0512330532073975
ogbn-arxiv,True,all,0.01984794117659872,1.1169731616973877
