Dataset name,Directed,Num nodes,Num edges,Average degree,Average clustering,Density,Num CC,BCC num nodes,BCC num edges,BCC average path length,BCC diameter,BCC radius,BCC node connectivity,BCC edge connectivity,Execution time,Type split
494_bus,False,494.0,1080.0,4.372469635627531,0.04197352355247093,0.008869106765978763,1.0,494.0,1080.0,10.470103719276347,26.0,14.0,1.0,1.0,1.4106793403625488,1 random iterations
airfoil1,False,4253.0,12289.0,5.778979543851399,0.4127786548431014,0.0013591203066442613,1.0,4253.0,12289.0,29.85209189949256,65.0,36.0,3.0,3.0,189.00032019615173,1 random iterations
arc130,False,130.0,813.0,12.507692307692308,0.6091190780908616,0.09695885509838999,1.0,130.0,813.0,1.9811568276684555,4.0,2.0,4.0,4.0,0.1659376621246338,1 random iterations
mhd1280b,False,1280.0,12029.0,18.7953125,0.761151596025201,0.014695318608287725,20.0,474.0,6783.0,13.53276955602537,39.0,20.0,8.0,17.0,12.509591817855835,1 random iterations
3elt,False,4720.0,13722.0,5.814406779661017,0.41105528652141365,0.001232126886980508,1.0,4720.0,13722.0,28.755918554994057,65.0,36.0,3.0,3.0,239.6919801235199,1 random iterations
mhd4800b,False,4800.0,16160.0,6.733333333333333,0.6702453703703638,0.0014030700840452872,14.0,1198.0,5385.0,100.41604149494493,299.0,150.0,2.0,5.0,17.803086042404175,1 random iterations
bcsstk38,False,8032.0,181746.0,45.2554780876494,0.609147289434412,0.005635098753287188,1.0,8032.0,181746.0,11.201843944109008,33.0,17.0,1.0,1.0,2236.778135538101,1 random iterations
GD97_a,False,84.0,166.0,3.9523809523809526,0.031746031746031744,0.047619047619047616,1.0,84.0,166.0,4.123350545037292,7.0,6.0,3.0,3.0,0.07251834869384766,1 random iterations
