Dataset name,Directed,First split,Num nodes,Num edges,Average degree,Average clustering,Density,Num CC,BCC num nodes,BCC num edges,BCC average path length,BCC diameter,BCC radius,Execution time
ogbn-arxiv,True,no-split,10000.0,3837.4,0.76748,0.014831851024031511,3.8377837783778375e-05,9973.6,2.6,3.8,1.1166666666666667,1.4,1.0,0.243491792678833
ogbn-proteins,False,no-split,5000.0,56895.0,22.758,0.2404826423522053,0.0045525105021004195,319.4,4673.2,56884.8,3.754655564433,10.6,6.0,102.68858599662781
ogbn-products,False,no-split,5000.0,254.4,0.10176,0.002360571428571428,2.035607121424285e-05,4751.2,7.6,7.0,2.0143722943722944,3.4,1.8,0.1142646312713623
ogbn-products,False,no-split,10000.0,1078.2,0.21564,0.008225106227106227,2.1566156615661568e-05,8971.4,33.6,34.4,3.473960997842233,7.8,4.0,0.24620237350463867
