Name,Directed,Split,Assortativity_species,Execution time
ogbn-proteins,10000,False,0.7629878398566196,0.3288297653198242
ogbn-proteins,10000,False,0.7555514057993189,0.3437025547027588
ogbn-proteins,10000,False,0.772718597143622,0.31458520889282227
ogbn-proteins,10000,False,0.7598960331596897,0.3258860111236572
ogbn-proteins,10000,False,0.7520773030312288,0.31774163246154785
