Dataset name,Directed,First split,Num nodes,Num edges,Real average degree,Average degree,Edge cut,Cluster coefficient,Density,Num CC,BCC num nodes,BCC num edges,BCC average path length,BCC diameter,BCC radius,BCC node connectivity,BCC edge connectivity,BCC num greedy modularity communities,Modularity greedy modularity communities,Coverage greedy modularity communities,Execution time,Type split
CiteSeer,True,no-split,3327,9104,5.472798316801923,5.472798316801923,0,0.14147102442629086,0.0008227297529768376,438,2120,7358,9.329714532486845,28,15,1,1,65,0.8462662211366775,0.8969828757814624,60.319233417510986,1 ordered iterations
Cora,True,no-split,2708,10556,7.796159527326441,7.796159527326441,0,0.24067329850193728,0.0014399999126942077,78,2485,10138,6.310998681298742,19,10,1,1,47,0.7973137792564016,0.8437561649240481,90.05592274665833,1 ordered iterations
ogbn-arxiv,True,no-split,169343,1166243,13.77373732601879,13.77373732601879,0,0.11829836531589452,4.066840277668502e-05,141223,23164,223310,,,,,,76,0.5838056020957041,0.8742823877121491,789.260244846344,1 ordered iterations
ogbn-products,False,no-split,2449029,61859140,50.517278480573324,50.517278480573324,0,0.4107879837939035,2.062748097636014e-05,52658,2385902,61806431,,,,,,0,0,0,158952.4337604046,1 ordered iterations
PubMed,True,no-split,19717,88648,8.992037328193945,8.992037328193945,0,0.060175209437523615,0.00022803908825811382,1,19717,88648,6.336870027999047,18,10,1,1,114,0.7519865892678712,0.8376500315855969,6576.723211288452,1 ordered iterations
